X,CH1,CH2,Start,Increment,
Sequence,Volt,Volt,-1.014000e-04,5.000000e-07,
0,-6.250000e-02,6.250000e-03,
1,3.125000e-02,-1.250000e-02,
2,-6.250000e-02,-1.250000e-02,
3,3.125000e-02,1.250000e-02,
4,-6.250000e-02,1.875000e-02,
5,3.125000e-02,-1.250000e-02,
6,-6.250000e-02,6.250000e-03,
7,3.125000e-02,-1.875000e-02,
8,-6.250000e-02,-1.875000e-02,
9,3.125000e-02,0.000000e+00,
10,-6.250000e-02,-1.875000e-02,
11,3.125000e-02,1.250000e-02,
12,-6.250000e-02,1.250000e-02,
13,3.125000e-02,-1.250000e-02,
14,-6.250000e-02,6.250000e-03,
15,3.125000e-02,-1.250000e-02,
16,3.125000e-02,6.250000e-03,
17,-6.250000e-02,-1.875000e-02,
18,3.125000e-02,-1.875000e-02,
19,-6.250000e-02,1.250000e-02,
20,-6.250000e-02,-1.250000e-02,
21,3.125000e-02,1.250000e-02,
22,-6.250000e-02,1.250000e-02,
23,3.125000e-02,-6.250000e-03,
24,-6.250000e-02,1.250000e-02,
25,3.125000e-02,-1.875000e-02,
26,-6.250000e-02,-1.875000e-02,
27,3.125000e-02,1.250000e-02,
28,-6.250000e-02,1.250000e-02,
29,3.125000e-02,-1.250000e-02,
30,-6.250000e-02,-1.250000e-02,
31,3.125000e-02,6.250000e-03,
32,-6.250000e-02,1.250000e-02,
33,3.125000e-02,-1.250000e-02,
34,0.000000e+00,-1.875000e-02,
35,-6.250000e-02,6.250000e-03,
36,0.000000e+00,-6.250000e-03,
37,-6.250000e-02,1.250000e-02,
38,-6.250000e-02,1.250000e-02,
39,3.125000e-02,-1.250000e-02,
40,0.000000e+00,0.000000e+00,
41,-6.250000e-02,-1.875000e-02,
42,-6.250000e-02,-1.875000e-02,
43,3.125000e-02,1.250000e-02,
44,3.125000e-02,1.875000e-02,
45,-6.250000e-02,-6.250000e-03,
46,-6.250000e-02,-1.875000e-02,
47,3.125000e-02,6.250000e-03,
48,-6.250000e-02,0.000000e+00,
49,3.125000e-02,-2.500000e-02,
50,-6.250000e-02,-1.250000e-02,
51,3.125000e-02,1.250000e-02,
52,-6.250000e-02,1.250000e-02,
53,3.125000e-02,-1.250000e-02,
54,-6.250000e-02,-1.250000e-02,
55,3.125000e-02,1.250000e-02,
56,-6.250000e-02,1.250000e-02,
57,3.125000e-02,-1.875000e-02,
58,-6.250000e-02,-2.500000e-02,
59,3.125000e-02,0.000000e+00,
60,-6.250000e-02,-1.250000e-02,
61,3.125000e-02,1.250000e-02,
62,-6.250000e-02,0.000000e+00,
63,3.125000e-02,1.250000e-02,
64,-6.250000e-02,1.250000e-02,
65,3.125000e-02,-1.250000e-02,
66,-6.250000e-02,-1.250000e-02,
67,3.125000e-02,6.250000e-03,
68,-6.250000e-02,-1.875000e-02,
69,3.125000e-02,6.250000e-03,
70,-6.250000e-02,6.250000e-03,
71,3.125000e-02,-1.875000e-02,
72,-6.250000e-02,-6.250000e-03,
73,3.125000e-02,1.250000e-02,
74,0.000000e+00,1.250000e-02,
75,-6.250000e-02,-6.250000e-03,
76,-6.250000e-02,1.250000e-02,
77,3.125000e-02,-1.250000e-02,
78,-6.250000e-02,-1.250000e-02,
79,3.125000e-02,1.250000e-02,
80,-6.250000e-02,-1.250000e-02,
81,3.125000e-02,1.250000e-02,
82,-6.250000e-02,-1.250000e-02,
83,3.125000e-02,1.250000e-02,
84,-6.250000e-02,1.250000e-02,
85,3.125000e-02,-6.250000e-03,
86,-6.250000e-02,-6.250000e-03,
87,3.125000e-02,1.250000e-02,
88,-6.250000e-02,1.250000e-02,
89,3.125000e-02,-1.250000e-02,
90,-6.250000e-02,0.000000e+00,
91,3.125000e-02,-1.875000e-02,
92,-6.250000e-02,-1.875000e-02,
93,3.125000e-02,6.250000e-03,
94,-6.250000e-02,1.250000e-02,
95,3.125000e-02,-6.250000e-03,
96,-6.250000e-02,1.250000e-02,
97,3.125000e-02,-1.250000e-02,
98,-6.250000e-02,1.250000e-02,
99,3.125000e-02,-1.875000e-02,
100,-6.250000e-02,-1.875000e-02,
101,3.125000e-02,6.250000e-03,
102,-6.250000e-02,-1.875000e-02,
103,3.125000e-02,6.250000e-03,
104,-6.250000e-02,-1.250000e-02,
105,3.125000e-02,1.250000e-02,
106,3.125000e-02,1.875000e-02,
107,-6.250000e-02,-6.250000e-03,
108,-6.250000e-02,1.250000e-02,
109,3.125000e-02,-1.250000e-02,
110,-6.250000e-02,-1.250000e-02,
111,3.125000e-02,0.000000e+00,
112,-6.250000e-02,-1.250000e-02,
113,3.125000e-02,1.250000e-02,
114,-6.250000e-02,1.250000e-02,
115,3.125000e-02,-1.250000e-02,
116,0.000000e+00,1.250000e-02,
117,-6.250000e-02,-6.250000e-03,
118,-6.250000e-02,-6.250000e-03,
119,3.125000e-02,1.250000e-02,
120,-6.250000e-02,6.250000e-03,
121,3.125000e-02,-1.250000e-02,
122,-6.250000e-02,-1.875000e-02,
123,3.125000e-02,6.250000e-03,
124,-6.250000e-02,-1.250000e-02,
125,3.125000e-02,1.250000e-02,
126,-6.250000e-02,1.250000e-02,
127,3.125000e-02,-6.250000e-03,
128,-6.250000e-02,1.250000e-02,
129,3.125000e-02,-6.250000e-03,
130,-6.250000e-02,1.250000e-02,
131,3.125000e-02,-1.250000e-02,
132,3.125000e-02,0.000000e+00,
133,-6.250000e-02,-1.875000e-02,
134,-6.250000e-02,-1.250000e-02,
135,3.125000e-02,1.250000e-02,
136,-6.250000e-02,1.250000e-02,
137,3.125000e-02,-1.250000e-02,
138,-6.250000e-02,-6.250000e-03,
139,3.125000e-02,1.250000e-02,
140,-6.250000e-02,1.250000e-02,
141,3.125000e-02,-1.250000e-02,
142,-6.250000e-02,-1.250000e-02,
143,3.125000e-02,6.250000e-03,
144,-6.250000e-02,-1.250000e-02,
145,3.125000e-02,6.250000e-03,
146,-6.250000e-02,-2.500000e-02,
147,3.125000e-02,1.250000e-02,
148,-6.250000e-02,0.000000e+00,
149,3.125000e-02,2.500000e-02,
150,-6.250000e-02,2.500000e-02,
151,3.125000e-02,-1.875000e-02,
152,-6.250000e-02,-1.875000e-02,
153,3.125000e-02,6.250000e-03,
154,-6.250000e-02,0.000000e+00,
155,3.125000e-02,-1.875000e-02,
156,-6.250000e-02,-1.250000e-02,
157,3.125000e-02,1.875000e-02,
158,3.125000e-02,1.875000e-02,
159,-6.250000e-02,0.000000e+00,
160,-6.250000e-02,1.250000e-02,
161,3.125000e-02,-1.875000e-02,
162,-6.250000e-02,-1.875000e-02,
163,3.125000e-02,0.000000e+00,
164,-6.250000e-02,-1.875000e-02,
165,3.125000e-02,1.250000e-02,
166,-6.250000e-02,1.250000e-02,
167,3.125000e-02,-1.250000e-02,
168,-6.250000e-02,-1.250000e-02,
169,3.125000e-02,1.875000e-02,
170,-6.250000e-02,1.875000e-02,
171,3.125000e-02,-1.875000e-02,
172,-6.250000e-02,-1.875000e-02,
173,3.125000e-02,6.250000e-03,
174,-6.250000e-02,1.250000e-02,
175,3.125000e-02,-1.250000e-02,
176,-6.250000e-02,-1.875000e-02,
177,3.125000e-02,1.250000e-02,
178,-6.250000e-02,1.875000e-02,
179,3.125000e-02,0.000000e+00,
180,-6.250000e-02,1.875000e-02,
181,3.125000e-02,-1.250000e-02,
182,0.000000e+00,-1.875000e-02,
183,-6.250000e-02,0.000000e+00,
184,-6.250000e-02,-1.250000e-02,
185,3.125000e-02,1.250000e-02,
186,-6.250000e-02,-6.250000e-03,
187,3.125000e-02,1.250000e-02,
188,-6.250000e-02,6.250000e-03,
189,3.125000e-02,-1.250000e-02,
190,-6.250000e-02,1.250000e-02,
191,3.125000e-02,-6.250000e-03,
192,-6.250000e-02,6.250000e-03,
193,3.125000e-02,-1.875000e-02,
194,-6.250000e-02,-1.250000e-02,
195,7.812500e-01,6.250000e-03,
196,7.187500e-01,-1.250000e-02,
197,1.031250e+00,6.250000e-03,
198,8.750000e-01,6.250000e-03,
199,-2.500000e-01,-1.250000e-02,
200,-2.187500e-01,1.250000e-02,
201,-1.062500e+00,-1.250000e-02,
202,-1.062500e+00,-1.250000e-02,
203,-4.062500e-01,6.250000e-03,
204,-4.375000e-01,-1.250000e-02,
205,7.812500e-01,6.250000e-03,
206,7.500000e-01,-1.875000e-02,
207,1.031250e+00,1.875000e-02,
208,8.750000e-01,1.875000e-02,
209,-2.500000e-01,-1.875000e-02,
210,-2.187500e-01,-1.250000e-02,
211,-1.062500e+00,1.875000e-02,
212,-1.093750e+00,2.500000e-02,
213,-4.062500e-01,-2.500000e-02,
214,-4.375000e-01,-2.500000e-02,
215,7.812500e-01,6.250000e-03,
216,7.187500e-01,-1.250000e-02,
217,1.031250e+00,1.875000e-02,
218,8.750000e-01,1.250000e-02,
219,-2.500000e-01,-1.875000e-02,
220,-2.187500e-01,6.250000e-03,
221,-1.062500e+00,-1.250000e-02,
222,-1.093750e+00,1.250000e-02,
223,-4.062500e-01,-1.250000e-02,
224,-4.375000e-01,-1.875000e-02,
225,7.500000e-01,6.250000e-03,
226,7.187500e-01,-1.250000e-02,
227,1.031250e+00,1.250000e-02,
228,8.750000e-01,1.250000e-02,
229,-2.500000e-01,-1.875000e-02,
230,-2.500000e-01,6.250000e-03,
231,-1.062500e+00,-1.250000e-02,
232,-1.062500e+00,1.875000e-02,
233,-4.062500e-01,-1.250000e-02,
234,-4.375000e-01,-1.250000e-02,
235,7.500000e-01,6.250000e-03,
236,7.187500e-01,-1.250000e-02,
237,1.031250e+00,1.875000e-02,
238,8.750000e-01,1.875000e-02,
239,-2.500000e-01,-1.250000e-02,
240,-2.187500e-01,6.250000e-03,
241,-1.062500e+00,-1.250000e-02,
242,-1.062500e+00,6.250000e-03,
243,-4.062500e-01,-1.875000e-02,
244,-4.375000e-01,-1.875000e-02,
245,7.500000e-01,1.250000e-02,
246,7.187500e-01,-6.250000e-03,
247,1.031250e+00,1.875000e-02,
248,8.750000e-01,1.250000e-02,
249,-2.500000e-01,-1.250000e-02,
250,-2.500000e-01,6.250000e-03,
251,-1.062500e+00,-2.500000e-02,
252,-1.062500e+00,-1.875000e-02,
253,-3.750000e-01,6.250000e-03,
254,-4.375000e-01,-1.250000e-02,
255,7.812500e-01,1.250000e-02,
256,7.500000e-01,1.250000e-02,
257,1.031250e+00,-1.250000e-02,
258,8.750000e-01,6.250000e-03,
259,-2.500000e-01,-1.875000e-02,
260,-2.187500e-01,0.000000e+00,
261,-1.062500e+00,-1.875000e-02,
262,-1.062500e+00,-1.875000e-02,
263,-4.062500e-01,1.250000e-02,
264,-4.375000e-01,6.250000e-03,
265,7.812500e-01,-1.250000e-02,
266,7.187500e-01,-1.250000e-02,
267,1.031250e+00,1.875000e-02,
268,8.750000e-01,1.250000e-02,
269,-2.500000e-01,-1.250000e-02,
270,-2.187500e-01,0.000000e+00,
271,-1.062500e+00,-2.500000e-02,
272,-1.062500e+00,-1.875000e-02,
273,-4.062500e-01,2.500000e-02,
274,-4.375000e-01,1.250000e-02,
275,7.500000e-01,-1.875000e-02,
276,7.187500e-01,-1.875000e-02,
277,1.031250e+00,1.250000e-02,
278,8.750000e-01,1.250000e-02,
279,-2.500000e-01,-1.250000e-02,
280,-2.187500e-01,-1.250000e-02,
281,-1.062500e+00,1.250000e-02,
282,-1.093750e+00,1.250000e-02,
283,-4.062500e-01,-1.250000e-02,
284,-4.375000e-01,-2.500000e-02,
285,7.812500e-01,6.250000e-03,
286,7.187500e-01,6.250000e-03,
287,1.031250e+00,-1.250000e-02,
288,8.750000e-01,-6.250000e-03,
289,-2.812500e-01,1.250000e-02,
290,-2.187500e-01,1.250000e-02,
291,-1.062500e+00,-2.500000e-02,
292,-1.062500e+00,-2.500000e-02,
293,-4.062500e-01,0.000000e+00,
294,-4.375000e-01,-1.250000e-02,
295,3.125000e-02,1.875000e-02,
296,-6.250000e-02,1.250000e-02,
297,3.125000e-02,-1.250000e-02,
298,-6.250000e-02,1.250000e-02,
299,3.125000e-02,-1.250000e-02,
300,-6.250000e-02,0.000000e+00,
301,3.125000e-02,-1.875000e-02,
302,-6.250000e-02,-2.500000e-02,
303,3.125000e-02,1.250000e-02,
304,-6.250000e-02,1.250000e-02,
305,3.125000e-02,-6.250000e-03,
306,-6.250000e-02,6.250000e-03,
307,3.125000e-02,-1.875000e-02,
308,-6.250000e-02,1.250000e-02,
309,3.125000e-02,-1.250000e-02,
310,-6.250000e-02,6.250000e-03,
311,3.125000e-02,-1.875000e-02,
312,-6.250000e-02,-2.500000e-02,
313,3.125000e-02,1.250000e-02,
314,0.000000e+00,6.250000e-03,
315,-6.250000e-02,-1.250000e-02,
316,-6.250000e-02,6.250000e-03,
317,3.125000e-02,-1.875000e-02,
318,-6.250000e-02,-1.250000e-02,
319,3.125000e-02,6.250000e-03,
320,-6.250000e-02,-1.250000e-02,
321,3.125000e-02,6.250000e-03,
322,-6.250000e-02,0.000000e+00,
323,3.125000e-02,-2.500000e-02,
324,-6.250000e-02,-1.875000e-02,
325,3.125000e-02,6.250000e-03,
326,-6.250000e-02,1.250000e-02,
327,3.125000e-02,-1.875000e-02,
328,-6.250000e-02,-1.250000e-02,
329,3.125000e-02,1.875000e-02,
330,0.000000e+00,-1.250000e-02,
331,-6.250000e-02,1.250000e-02,
332,0.000000e+00,1.250000e-02,
333,-6.250000e-02,-1.875000e-02,
334,-6.250000e-02,-1.875000e-02,
335,3.125000e-02,1.250000e-02,
336,-6.250000e-02,1.875000e-02,
337,3.125000e-02,-1.250000e-02,
338,-6.250000e-02,-1.250000e-02,
339,3.125000e-02,6.250000e-03,
340,3.125000e-02,-1.875000e-02,
341,-6.250000e-02,1.250000e-02,
342,-6.250000e-02,6.250000e-03,
343,3.125000e-02,-1.875000e-02,
344,-6.250000e-02,6.250000e-03,
345,3.125000e-02,-1.250000e-02,
346,-6.250000e-02,2.500000e-02,
347,3.125000e-02,-1.250000e-02,
348,-6.250000e-02,-1.875000e-02,
349,3.125000e-02,0.000000e+00,
350,-6.250000e-02,-1.875000e-02,
351,3.125000e-02,6.250000e-03,
352,-6.250000e-02,6.250000e-03,
353,3.125000e-02,-1.875000e-02,
354,-6.250000e-02,6.250000e-03,
355,3.125000e-02,-1.875000e-02,
356,-6.250000e-02,-1.875000e-02,
357,3.125000e-02,0.000000e+00,
358,-6.250000e-02,-2.500000e-02,
359,3.125000e-02,1.250000e-02,
360,-6.250000e-02,1.250000e-02,
361,3.125000e-02,-1.250000e-02,
362,-6.250000e-02,6.250000e-03,
363,3.125000e-02,-1.875000e-02,
364,3.125000e-02,-1.250000e-02,
365,-6.250000e-02,1.250000e-02,
366,-6.250000e-02,-1.875000e-02,
367,3.125000e-02,6.250000e-03,
368,3.125000e-02,-1.875000e-02,
369,-6.250000e-02,6.250000e-03,
370,-6.250000e-02,6.250000e-03,
371,3.125000e-02,-1.875000e-02,
372,-6.250000e-02,1.250000e-02,
373,3.125000e-02,-1.875000e-02,
374,-6.250000e-02,-2.500000e-02,
375,3.125000e-02,0.000000e+00,
376,-6.250000e-02,-2.500000e-02,
377,3.125000e-02,1.250000e-02,
378,-6.250000e-02,1.250000e-02,
379,3.125000e-02,-6.250000e-03,
380,-6.250000e-02,2.500000e-02,
381,3.125000e-02,-2.500000e-02,
382,-6.250000e-02,-2.500000e-02,
383,3.125000e-02,6.250000e-03,
384,3.125000e-02,-2.500000e-02,
385,-6.250000e-02,6.250000e-03,
386,-6.250000e-02,-1.875000e-02,
387,3.125000e-02,6.250000e-03,
388,-6.250000e-02,1.250000e-02,
389,0.000000e+00,-1.250000e-02,
390,-6.250000e-02,1.250000e-02,
391,3.125000e-02,-1.875000e-02,
392,0.000000e+00,-1.875000e-02,
393,-6.250000e-02,6.250000e-03,
394,0.000000e+00,0.000000e+00,
395,-6.250000e-02,-2.500000e-02,
396,-6.250000e-02,-1.875000e-02,
397,3.125000e-02,1.250000e-02,
398,-6.250000e-02,1.875000e-02,
399,3.125000e-02,-1.875000e-02,
400,0.000000e+00,-1.875000e-02,
401,-6.250000e-02,1.250000e-02,
402,3.125000e-02,-1.875000e-02,
403,-6.250000e-02,6.250000e-03,
404,-6.250000e-02,6.250000e-03,
405,3.125000e-02,-1.875000e-02,
406,-6.250000e-02,6.250000e-03,
407,3.125000e-02,-1.875000e-02,
408,-6.250000e-02,-1.875000e-02,
409,3.125000e-02,6.250000e-03,
410,-6.250000e-02,-1.875000e-02,
411,3.125000e-02,6.250000e-03,
412,-6.250000e-02,-1.875000e-02,
413,3.125000e-02,1.250000e-02,
414,-6.250000e-02,6.250000e-03,
415,0.000000e+00,-3.125000e-02,
416,-6.250000e-02,-2.500000e-02,
417,3.125000e-02,0.000000e+00,
418,-6.250000e-02,-1.250000e-02,
419,3.125000e-02,1.250000e-02,
420,-6.250000e-02,-1.875000e-02,
421,3.125000e-02,6.250000e-03,
422,-6.250000e-02,6.250000e-03,
423,3.125000e-02,-1.250000e-02,
424,-6.250000e-02,0.000000e+00,
425,3.125000e-02,-3.125000e-02,
426,-6.250000e-02,-1.875000e-02,
427,3.125000e-02,6.250000e-03,
428,-6.250000e-02,-1.250000e-02,
429,3.125000e-02,0.000000e+00,
430,-6.250000e-02,-1.875000e-02,
431,3.125000e-02,6.250000e-03,
432,-6.250000e-02,6.250000e-03,
433,3.125000e-02,-1.875000e-02,
434,-6.250000e-02,-1.875000e-02,
435,3.125000e-02,0.000000e+00,
436,-6.250000e-02,-1.875000e-02,
437,0.000000e+00,1.250000e-02,
438,3.125000e-02,-1.875000e-02,
439,-6.250000e-02,1.250000e-02,
440,-6.250000e-02,1.250000e-02,
441,3.125000e-02,-1.875000e-02,
442,-6.250000e-02,-1.250000e-02,
443,3.125000e-02,6.250000e-03,
444,-6.250000e-02,0.000000e+00,
445,3.125000e-02,-1.875000e-02,
446,-6.250000e-02,-2.500000e-02,
447,3.125000e-02,6.250000e-03,
448,-6.250000e-02,6.250000e-03,
449,3.125000e-02,-1.250000e-02,
450,-6.250000e-02,6.250000e-03,
451,3.125000e-02,-1.875000e-02,
452,-6.250000e-02,-1.875000e-02,
453,3.125000e-02,1.250000e-02,
454,-6.250000e-02,-6.250000e-03,
455,3.125000e-02,-3.125000e-02,
456,3.125000e-02,-1.875000e-02,
457,-6.250000e-02,1.250000e-02,
458,3.125000e-02,1.875000e-02,
459,-6.250000e-02,-1.250000e-02,
460,-6.250000e-02,0.000000e+00,
461,3.125000e-02,-3.750000e-02,
462,-6.250000e-02,-3.750000e-02,
463,3.125000e-02,0.000000e+00,
464,-6.250000e-02,-1.875000e-02,
465,3.125000e-02,6.250000e-03,
466,-6.250000e-02,6.250000e-03,
467,3.125000e-02,-1.875000e-02,
468,-6.250000e-02,-1.875000e-02,
469,3.125000e-02,6.250000e-03,
470,3.125000e-02,0.000000e+00,
471,-6.250000e-02,-1.875000e-02,
472,-6.250000e-02,-2.500000e-02,
473,3.125000e-02,6.250000e-03,
474,-6.250000e-02,6.250000e-03,
475,3.125000e-02,-1.250000e-02,
476,-6.250000e-02,0.000000e+00,
477,3.125000e-02,-2.500000e-02,
478,-6.250000e-02,-2.500000e-02,
479,3.125000e-02,6.250000e-03,
480,-6.250000e-02,6.250000e-03,
481,3.125000e-02,-1.875000e-02,
482,-6.250000e-02,6.250000e-03,
483,3.125000e-02,-1.875000e-02,
484,-6.250000e-02,-1.875000e-02,
485,3.125000e-02,6.250000e-03,
486,-6.250000e-02,0.000000e+00,
487,3.125000e-02,-2.500000e-02,
488,-6.250000e-02,-3.125000e-02,
489,3.125000e-02,1.875000e-02,
490,-6.250000e-02,1.875000e-02,
491,3.125000e-02,-1.250000e-02,
492,-6.250000e-02,6.250000e-03,
493,3.125000e-02,-3.750000e-02,
494,-6.250000e-02,-3.750000e-02,
495,3.125000e-02,6.250000e-03,
496,-6.250000e-02,-2.500000e-02,
497,3.125000e-02,6.250000e-03,
498,-6.250000e-02,6.250000e-03,
499,3.125000e-02,-1.875000e-02,
500,-6.250000e-02,1.250000e-02,
501,0.000000e+00,-1.250000e-02,
502,-6.250000e-02,0.000000e+00,
503,0.000000e+00,-2.500000e-02,
504,-6.250000e-02,-3.125000e-02,
505,3.125000e-02,6.250000e-03,
506,-6.250000e-02,6.250000e-03,
507,3.125000e-02,-1.250000e-02,
508,-6.250000e-02,6.250000e-03,
509,3.125000e-02,-3.125000e-02,
510,-6.250000e-02,-3.125000e-02,
511,3.125000e-02,6.250000e-03,
512,-6.250000e-02,-1.875000e-02,
513,3.125000e-02,6.250000e-03,
514,-6.250000e-02,0.000000e+00,
515,3.125000e-02,-2.500000e-02,
516,-6.250000e-02,-1.875000e-02,
517,3.125000e-02,1.875000e-02,
518,-6.250000e-02,-6.250000e-03,
519,3.125000e-02,-3.125000e-02,
520,-6.250000e-02,-3.125000e-02,
521,3.125000e-02,2.500000e-02,
522,-6.250000e-02,1.875000e-02,
523,3.125000e-02,-3.125000e-02,
524,-6.250000e-02,0.000000e+00,
525,3.125000e-02,-3.125000e-02,
526,-6.250000e-02,-1.875000e-02,
527,3.125000e-02,6.250000e-03,
528,0.000000e+00,-2.500000e-02,
529,-6.250000e-02,6.250000e-03,
530,0.000000e+00,-1.250000e-02,
531,-6.250000e-02,6.250000e-03,
532,-6.250000e-02,6.250000e-03,
533,3.125000e-02,-3.125000e-02,
534,-6.250000e-02,-3.125000e-02,
535,3.125000e-02,-6.250000e-03,
536,-6.250000e-02,-2.500000e-02,
537,3.125000e-02,1.250000e-02,
538,-6.250000e-02,1.250000e-02,
539,3.125000e-02,-1.250000e-02,
540,-6.250000e-02,6.250000e-03,
541,3.125000e-02,-1.875000e-02,
542,-6.250000e-02,-1.875000e-02,
543,3.125000e-02,0.000000e+00,
544,-6.250000e-02,-2.500000e-02,
545,3.125000e-02,0.000000e+00,
546,-6.250000e-02,-1.250000e-02,
547,3.125000e-02,6.250000e-03,
548,-6.250000e-02,6.250000e-03,
549,3.125000e-02,-1.875000e-02,
550,-6.250000e-02,-1.875000e-02,
551,3.125000e-02,0.000000e+00,
552,-6.250000e-02,-3.125000e-02,
553,3.125000e-02,0.000000e+00,
554,-6.250000e-02,0.000000e+00,
555,3.125000e-02,-1.875000e-02,
556,-6.250000e-02,6.250000e-03,
557,3.125000e-02,-1.875000e-02,
558,-6.250000e-02,-1.250000e-02,
559,3.125000e-02,6.250000e-03,
560,3.125000e-02,-1.875000e-02,
561,-6.250000e-02,0.000000e+00,
562,-6.250000e-02,0.000000e+00,
563,0.000000e+00,-1.875000e-02,
564,-6.250000e-02,0.000000e+00,
565,3.125000e-02,-3.750000e-02,
566,-6.250000e-02,-3.125000e-02,
567,3.125000e-02,0.000000e+00,
568,-6.250000e-02,-1.875000e-02,
569,3.125000e-02,1.250000e-02,
570,-6.250000e-02,6.250000e-03,
571,3.125000e-02,-1.875000e-02,
572,-6.250000e-02,0.000000e+00,
573,3.125000e-02,-2.500000e-02,
574,-6.250000e-02,-2.500000e-02,
575,3.125000e-02,-6.250000e-03,
576,-6.250000e-02,-2.500000e-02,
577,3.125000e-02,1.250000e-02,
578,-6.250000e-02,1.250000e-02,
579,3.125000e-02,-1.875000e-02,
580,-6.250000e-02,6.250000e-03,
581,3.125000e-02,-2.500000e-02,
582,3.125000e-02,-1.875000e-02,
583,-6.250000e-02,0.000000e+00,
584,-6.250000e-02,-2.500000e-02,
585,3.125000e-02,0.000000e+00,
586,-6.250000e-02,0.000000e+00,
587,3.125000e-02,-1.875000e-02,
588,-6.250000e-02,-1.250000e-02,
589,3.125000e-02,6.250000e-03,
590,-6.250000e-02,-1.250000e-02,
591,3.125000e-02,6.250000e-03,
592,0.000000e+00,-2.500000e-02,
593,-6.250000e-02,0.000000e+00,
594,-6.250000e-02,0.000000e+00,
595,3.125000e-02,-2.500000e-02,
596,-6.250000e-02,-1.875000e-02,
597,3.125000e-02,0.000000e+00,
598,-6.250000e-02,-1.875000e-02,
599,3.125000e-02,1.250000e-02,
600,0.000000e+00,6.250000e-03,
601,-6.250000e-02,-1.875000e-02,
602,-6.250000e-02,-2.500000e-02,
603,3.125000e-02,0.000000e+00,
604,-6.250000e-02,6.250000e-03,
605,0.000000e+00,-2.500000e-02,
606,-6.250000e-02,-3.125000e-02,
607,3.125000e-02,6.250000e-03,
608,0.000000e+00,-1.250000e-02,
609,-6.250000e-02,1.250000e-02,
610,-6.250000e-02,6.250000e-03,
611,3.125000e-02,-1.875000e-02,
612,-6.250000e-02,-1.875000e-02,
613,3.125000e-02,6.250000e-03,
614,-6.250000e-02,6.250000e-03,
615,3.125000e-02,-5.000000e-02,
616,-6.250000e-02,-5.625000e-02,
617,3.125000e-02,0.000000e+00,
618,-6.250000e-02,-1.250000e-02,
619,3.125000e-02,5.000000e-02,
620,-6.250000e-02,5.625000e-02,
621,3.125000e-02,1.875000e-02,
622,-6.250000e-02,2.500000e-02,
623,3.125000e-02,-6.250000e-02,
624,-6.250000e-02,-5.625000e-02,
625,3.125000e-02,-1.125000e-01,
626,-6.250000e-02,-1.062500e-01,
627,3.125000e-02,0.000000e+00,
628,-6.250000e-02,-6.250000e-03,
629,3.125000e-02,1.312500e-01,
630,-6.250000e-02,1.375000e-01,
631,3.125000e-02,7.500000e-02,
632,-6.250000e-02,8.125000e-02,
633,3.125000e-02,-1.312500e-01,
634,-6.250000e-02,-1.187500e-01,
635,3.125000e-02,-2.125000e-01,
636,-6.250000e-02,-2.000000e-01,
637,3.125000e-02,-6.250000e-03,
638,3.125000e-02,-1.250000e-02,
639,-6.250000e-02,2.250000e-01,
640,-6.250000e-02,2.437500e-01,
641,3.125000e-02,1.312500e-01,
642,-6.250000e-02,1.312500e-01,
643,3.125000e-02,-1.125000e-01,
644,-6.250000e-02,-1.062500e-01,
645,3.125000e-02,-2.937500e-01,
646,-6.250000e-02,-2.937500e-01,
647,3.125000e-02,-6.875000e-02,
648,0.000000e+00,-8.125000e-02,
649,-6.250000e-02,2.562500e-01,
650,-6.250000e-02,3.062500e-01,
651,3.125000e-02,2.312500e-01,
652,3.125000e-02,2.375000e-01,
653,-6.250000e-02,-1.000000e-01,
654,-6.250000e-02,-9.375000e-02,
655,3.125000e-02,-3.500000e-01,
656,-6.250000e-02,-3.500000e-01,
657,3.125000e-02,-1.375000e-01,
658,-6.250000e-02,-1.375000e-01,
659,3.125000e-02,2.750000e-01,
660,-6.250000e-02,2.687500e-01,
661,3.125000e-02,3.562500e-01,
662,-6.250000e-02,3.062500e-01,
663,3.125000e-02,-9.375000e-02,
664,-6.250000e-02,-9.375000e-02,
665,3.125000e-02,-3.625000e-01,
666,-6.250000e-02,-3.687500e-01,
667,3.125000e-02,-1.687500e-01,
668,-6.250000e-02,-1.687500e-01,
669,3.125000e-02,2.500000e-01,
670,-6.250000e-02,2.437500e-01,
671,3.125000e-02,3.625000e-01,
672,0.000000e+00,3.250000e-01,
673,-6.250000e-02,-5.625000e-02,
674,0.000000e+00,-5.625000e-02,
675,-6.250000e-02,-3.687500e-01,
676,0.000000e+00,-3.750000e-01,
677,-6.250000e-02,-1.750000e-01,
678,-6.250000e-02,-1.812500e-01,
679,3.125000e-02,2.187500e-01,
680,3.125000e-02,2.187500e-01,
681,-6.250000e-02,3.562500e-01,
682,-6.250000e-02,3.250000e-01,
683,3.125000e-02,-3.125000e-02,
684,-6.250000e-02,-2.500000e-02,
685,0.000000e+00,-3.562500e-01,
686,-6.250000e-02,-3.625000e-01,
687,3.125000e-02,-2.000000e-01,
688,-6.250000e-02,-2.062500e-01,
689,3.125000e-02,2.125000e-01,
690,-6.250000e-02,2.062500e-01,
691,3.125000e-02,3.437500e-01,
692,-6.250000e-02,3.187500e-01,
693,3.125000e-02,-1.875000e-02,
694,-6.250000e-02,-1.250000e-02,
695,3.125000e-02,-3.500000e-01,
696,-6.250000e-02,-3.687500e-01,
697,3.125000e-02,-2.000000e-01,
698,-6.250000e-02,-2.000000e-01,
699,3.125000e-02,2.125000e-01,
700,-6.250000e-02,2.062500e-01,
701,3.125000e-02,3.562500e-01,
702,-6.250000e-02,3.250000e-01,
703,0.000000e+00,-1.875000e-02,
704,3.125000e-02,-1.250000e-02,
705,-6.250000e-02,-3.312500e-01,
706,-6.250000e-02,-3.500000e-01,
707,3.125000e-02,-2.000000e-01,
708,-6.250000e-02,-2.062500e-01,
709,3.125000e-02,2.000000e-01,
710,-6.250000e-02,1.937500e-01,
711,3.125000e-02,3.437500e-01,
712,-6.250000e-02,3.187500e-01,
713,3.125000e-02,0.000000e+00,
714,-6.250000e-02,6.250000e-03,
715,3.125000e-02,-3.062500e-01,
716,-6.250000e-02,-3.312500e-01,
717,3.125000e-02,-2.000000e-01,
718,0.000000e+00,-2.125000e-01,
719,-6.250000e-02,1.562500e-01,
720,0.000000e+00,1.437500e-01,
721,-6.250000e-02,3.000000e-01,
722,-6.250000e-02,2.875000e-01,
723,3.125000e-02,3.750000e-02,
724,-6.250000e-02,4.375000e-02,
725,3.125000e-02,-2.437500e-01,
726,-6.250000e-02,-2.875000e-01,
727,3.125000e-02,-2.062500e-01,
728,3.125000e-02,-2.125000e-01,
729,-6.250000e-02,6.250000e-02,
730,-6.250000e-02,5.000000e-02,
731,3.125000e-02,2.312500e-01,
732,-6.250000e-02,2.312500e-01,
733,3.125000e-02,8.750000e-02,
734,-6.250000e-02,9.375000e-02,
735,3.125000e-02,-1.375000e-01,
736,-6.250000e-02,-1.312500e-01,
737,3.125000e-02,-1.875000e-01,
738,-6.250000e-02,-1.750000e-01,
739,3.125000e-02,-1.875000e-02,
740,-6.250000e-02,-2.500000e-02,
741,3.125000e-02,1.437500e-01,
742,-6.250000e-02,1.625000e-01,
743,3.125000e-02,1.062500e-01,
744,0.000000e+00,1.187500e-01,
745,-6.250000e-02,-4.375000e-02,
746,0.000000e+00,-3.750000e-02,
747,-6.250000e-02,-1.312500e-01,
748,-6.250000e-02,-1.312500e-01,
749,3.125000e-02,-6.875000e-02,
750,-6.250000e-02,-7.500000e-02,
751,3.125000e-02,6.250000e-02,
752,-6.250000e-02,5.000000e-02,
753,3.125000e-02,1.125000e-01,
754,-6.250000e-02,1.062500e-01,
755,3.125000e-02,6.250000e-03,
756,-6.250000e-02,1.250000e-02,
757,3.125000e-02,-9.375000e-02,
758,-6.250000e-02,-1.000000e-01,
759,3.125000e-02,-5.625000e-02,
760,-6.250000e-02,-6.875000e-02,
761,3.125000e-02,1.250000e-02,
762,-6.250000e-02,0.000000e+00,
763,3.125000e-02,6.875000e-02,
764,-6.250000e-02,6.875000e-02,
765,3.125000e-02,2.500000e-02,
766,-6.250000e-02,3.125000e-02,
767,3.125000e-02,-1.875000e-02,
768,-6.250000e-02,-6.250000e-03,
769,3.125000e-02,-7.500000e-02,
770,-6.250000e-02,-7.500000e-02,
771,3.125000e-02,-3.750000e-02,
772,-6.250000e-02,-5.000000e-02,
773,3.125000e-02,5.000000e-02,
774,0.000000e+00,3.750000e-02,
775,-6.250000e-02,6.250000e-02,
776,-6.250000e-02,5.625000e-02,
777,3.125000e-02,-1.250000e-02,
778,-6.250000e-02,-6.250000e-03,
779,3.125000e-02,-6.875000e-02,
780,-6.250000e-02,-8.125000e-02,
781,3.125000e-02,-3.750000e-02,
782,0.000000e+00,-4.375000e-02,
783,-6.250000e-02,3.125000e-02,
784,0.000000e+00,2.500000e-02,
785,-6.250000e-02,5.625000e-02,
786,-6.250000e-02,4.375000e-02,
787,3.125000e-02,-1.875000e-02,
788,-6.250000e-02,-1.250000e-02,
789,3.125000e-02,-5.000000e-02,
790,-6.250000e-02,-3.750000e-02,
791,3.125000e-02,-5.625000e-02,
792,-6.250000e-02,-5.000000e-02,
793,3.125000e-02,2.500000e-02,
794,-6.250000e-02,1.250000e-02,
795,3.125000e-02,5.000000e-02,
796,-6.250000e-02,5.000000e-02,
797,3.125000e-02,-1.875000e-02,
798,-6.250000e-02,-1.250000e-02,
799,3.125000e-02,-4.375000e-02,
800,-6.250000e-02,-3.125000e-02,
801,3.125000e-02,-5.000000e-02,
802,-6.250000e-02,-4.375000e-02,
803,3.125000e-02,6.250000e-03,
804,-6.250000e-02,0.000000e+00,
805,3.125000e-02,5.625000e-02,
806,-6.250000e-02,5.625000e-02,
807,3.125000e-02,6.250000e-03,
808,3.125000e-02,1.250000e-02,
809,-6.250000e-02,-5.625000e-02,
810,-6.250000e-02,-4.375000e-02,
811,3.125000e-02,-6.875000e-02,
812,-6.250000e-02,-6.875000e-02,
813,3.125000e-02,6.250000e-03,
814,-6.250000e-02,0.000000e+00,
815,3.125000e-02,5.625000e-02,
816,-6.250000e-02,5.625000e-02,
817,3.125000e-02,0.000000e+00,
818,-6.250000e-02,1.250000e-02,
819,3.125000e-02,-6.250000e-02,
820,-6.250000e-02,-8.125000e-02,
821,3.125000e-02,-4.375000e-02,
822,0.000000e+00,-5.625000e-02,
823,-6.250000e-02,6.250000e-03,
824,-6.250000e-02,-6.250000e-03,
825,3.125000e-02,4.375000e-02,
826,-6.250000e-02,5.000000e-02,
827,3.125000e-02,1.875000e-02,
828,-6.250000e-02,3.125000e-02,
829,3.125000e-02,-5.000000e-02,
830,-6.250000e-02,-4.375000e-02,
831,3.125000e-02,-6.875000e-02,
832,-6.250000e-02,-5.625000e-02,
833,3.125000e-02,-6.250000e-03,
834,-6.250000e-02,-1.250000e-02,
835,3.125000e-02,3.750000e-02,
836,-6.250000e-02,4.375000e-02,
837,3.125000e-02,1.250000e-02,
838,-6.250000e-02,1.875000e-02,
839,3.125000e-02,-4.375000e-02,
840,-6.250000e-02,-3.125000e-02,
841,3.125000e-02,-6.250000e-02,
842,-6.250000e-02,-6.250000e-02,
843,3.125000e-02,-6.250000e-03,
844,-6.250000e-02,-1.875000e-02,
845,3.125000e-02,3.125000e-02,
846,-6.250000e-02,1.250000e-02,
847,3.125000e-02,3.750000e-02,
848,-9.375000e-02,3.125000e-02,
849,3.125000e-02,-3.750000e-02,
850,-6.250000e-02,-2.500000e-02,
851,3.125000e-02,-6.250000e-02,
852,-6.250000e-02,-6.250000e-02,
853,3.125000e-02,-6.250000e-03,
854,-6.250000e-02,-1.875000e-02,
855,3.125000e-02,2.500000e-02,
856,3.125000e-02,3.750000e-02,
857,-6.250000e-02,1.250000e-02,
858,3.125000e-02,2.500000e-02,
859,-6.250000e-02,-3.125000e-02,
860,-6.250000e-02,-1.875000e-02,
861,3.125000e-02,-5.625000e-02,
862,-6.250000e-02,-4.375000e-02,
863,3.125000e-02,-1.875000e-02,
864,-6.250000e-02,-3.125000e-02,
865,3.125000e-02,1.250000e-02,
866,-6.250000e-02,6.250000e-03,
867,3.125000e-02,3.125000e-02,
868,-6.250000e-02,2.500000e-02,
869,3.125000e-02,-1.875000e-02,
870,-6.250000e-02,-1.250000e-02,
871,3.125000e-02,-5.000000e-02,
872,3.125000e-02,-5.625000e-02,
873,-6.250000e-02,-2.500000e-02,
874,-6.250000e-02,-4.375000e-02,
875,3.125000e-02,1.250000e-02,
876,-6.250000e-02,6.250000e-03,
877,3.125000e-02,2.500000e-02,
878,-6.250000e-02,1.250000e-02,
879,3.125000e-02,-1.250000e-02,
880,-6.250000e-02,-6.250000e-03,
881,3.125000e-02,-5.000000e-02,
882,-6.250000e-02,-5.000000e-02,
883,3.125000e-02,-2.500000e-02,
884,-6.250000e-02,-3.750000e-02,
885,0.000000e+00,0.000000e+00,
886,-6.250000e-02,-1.250000e-02,
887,3.125000e-02,1.250000e-02,
888,-6.250000e-02,1.250000e-02,
889,3.125000e-02,-1.875000e-02,
890,3.125000e-02,-6.250000e-03,
891,-6.250000e-02,-3.125000e-02,
892,-6.250000e-02,-3.125000e-02,
893,3.125000e-02,-1.250000e-02,
894,-6.250000e-02,-3.750000e-02,
895,3.125000e-02,-1.250000e-02,
896,-6.250000e-02,-2.500000e-02,
897,3.125000e-02,0.000000e+00,
898,-6.250000e-02,-1.250000e-02,
899,3.125000e-02,6.250000e-03,
900,-6.250000e-02,6.250000e-03,
901,3.125000e-02,-1.250000e-02,
902,-6.250000e-02,0.000000e+00,
903,3.125000e-02,-3.750000e-02,
904,-6.250000e-02,-3.750000e-02,
905,3.125000e-02,-1.250000e-02,
906,-6.250000e-02,-3.750000e-02,
907,3.125000e-02,-1.250000e-02,
908,-6.250000e-02,-2.500000e-02,
909,3.125000e-02,1.250000e-02,
910,-6.250000e-02,1.250000e-02,
911,3.125000e-02,-1.250000e-02,
912,-6.250000e-02,0.000000e+00,
913,3.125000e-02,-2.500000e-02,
914,-6.250000e-02,6.250000e-03,
915,3.125000e-02,-3.750000e-02,
916,-6.250000e-02,-4.375000e-02,
917,3.125000e-02,-6.250000e-03,
918,-6.250000e-02,-1.875000e-02,
919,3.125000e-02,0.000000e+00,
920,-6.250000e-02,-6.250000e-03,
921,3.125000e-02,1.250000e-02,
922,-6.250000e-02,1.250000e-02,
923,3.125000e-02,-2.500000e-02,
924,-6.250000e-02,-1.250000e-02,
925,3.125000e-02,-3.750000e-02,
926,-6.250000e-02,-4.375000e-02,
927,3.125000e-02,-1.250000e-02,
928,-6.250000e-02,-1.875000e-02,
929,3.125000e-02,0.000000e+00,
930,-6.250000e-02,-1.250000e-02,
931,3.125000e-02,6.250000e-03,
932,-6.250000e-02,6.250000e-03,
933,3.125000e-02,-2.500000e-02,
934,-6.250000e-02,-1.875000e-02,
935,3.125000e-02,-3.750000e-02,
936,-6.250000e-02,-4.375000e-02,
937,3.125000e-02,-6.250000e-03,
938,3.125000e-02,-6.250000e-03,
939,-6.250000e-02,-2.500000e-02,
940,-6.250000e-02,-6.250000e-03,
941,3.125000e-02,-1.875000e-02,
942,-6.250000e-02,-1.875000e-02,
943,3.125000e-02,0.000000e+00,
944,-6.250000e-02,-6.250000e-03,
945,3.125000e-02,-2.500000e-02,
946,-6.250000e-02,-3.750000e-02,
947,3.125000e-02,-6.250000e-03,
948,3.125000e-02,-3.125000e-02,
949,-6.250000e-02,6.250000e-03,
950,-6.250000e-02,-3.125000e-02,
951,3.125000e-02,0.000000e+00,
952,3.125000e-02,-1.250000e-02,
953,-6.250000e-02,3.125000e-02,
954,3.125000e-02,6.250000e-03,
955,-6.250000e-02,-3.750000e-02,
956,-6.250000e-02,-1.875000e-02,
957,3.125000e-02,-3.750000e-02,
958,3.125000e-02,-2.500000e-02,
959,-6.250000e-02,-6.250000e-03,
960,-6.250000e-02,-2.500000e-02,
961,3.125000e-02,1.250000e-02,
962,-6.250000e-02,1.250000e-02,
963,3.125000e-02,-1.250000e-02,
964,-6.250000e-02,0.000000e+00,
965,3.125000e-02,-3.750000e-02,
966,-6.250000e-02,-3.750000e-02,
967,3.125000e-02,-1.250000e-02,
968,-6.250000e-02,-2.500000e-02,
969,3.125000e-02,0.000000e+00,
970,3.125000e-02,0.000000e+00,
971,-6.250000e-02,-2.500000e-02,
972,3.125000e-02,-2.500000e-02,
973,-6.250000e-02,0.000000e+00,
974,3.125000e-02,-1.875000e-02,
975,-6.250000e-02,0.000000e+00,
976,3.125000e-02,0.000000e+00,
977,-6.250000e-02,-3.125000e-02,
978,3.125000e-02,-3.750000e-02,
979,-6.250000e-02,-6.250000e-03,
980,3.125000e-02,6.250000e-03,
981,-6.250000e-02,-3.125000e-02,
982,-6.250000e-02,-3.125000e-02,
983,3.125000e-02,6.250000e-03,
984,-6.250000e-02,2.500000e-02,
985,3.125000e-02,-1.875000e-02,
986,-6.250000e-02,-1.250000e-02,
987,3.125000e-02,-4.375000e-02,
988,-6.250000e-02,-3.750000e-02,
989,3.125000e-02,-6.250000e-03,
990,-6.250000e-02,-6.250000e-03,
991,3.125000e-02,-3.125000e-02,
992,-6.250000e-02,-3.125000e-02,
993,3.125000e-02,6.250000e-03,
994,-6.250000e-02,1.250000e-02,
995,3.125000e-02,-2.500000e-02,
996,-6.250000e-02,-3.125000e-02,
997,3.125000e-02,-6.250000e-03,
998,-6.250000e-02,-3.125000e-02,
999,3.125000e-02,-6.250000e-03,
1000,-6.250000e-02,-1.875000e-02,
1001,3.125000e-02,6.250000e-03,
1002,-6.250000e-02,0.000000e+00,
1003,3.125000e-02,-2.500000e-02,
1004,-6.250000e-02,-1.250000e-02,
1005,3.125000e-02,-3.125000e-02,
1006,-6.250000e-02,-2.500000e-02,
1007,3.125000e-02,0.000000e+00,
1008,-6.250000e-02,6.250000e-03,
1009,3.125000e-02,-1.875000e-02,
1010,-6.250000e-02,-2.500000e-02,
1011,3.125000e-02,6.250000e-03,
1012,-6.250000e-02,0.000000e+00,
1013,3.125000e-02,-3.125000e-02,
1014,0.000000e+00,-3.125000e-02,
1015,-6.250000e-02,1.250000e-02,
1016,-6.250000e-02,1.250000e-02,
1017,3.125000e-02,-1.875000e-02,
1018,-6.250000e-02,-1.250000e-02,
1019,3.125000e-02,-3.125000e-02,
1020,0.000000e+00,-3.125000e-02,
1021,-6.250000e-02,0.000000e+00,
1022,-6.250000e-02,-1.875000e-02,
1023,0.000000e+00,0.000000e+00,
1024,-6.250000e-02,-1.250000e-02,
1025,3.125000e-02,6.250000e-03,
1026,-6.250000e-02,6.250000e-03,
1027,3.125000e-02,-3.125000e-02,
1028,-6.250000e-02,-3.125000e-02,
1029,3.125000e-02,-1.250000e-02,
1030,-6.250000e-02,-3.125000e-02,
1031,3.125000e-02,-6.250000e-03,
1032,-6.250000e-02,-1.875000e-02,
1033,3.125000e-02,0.000000e+00,
1034,-6.250000e-02,0.000000e+00,
1035,3.125000e-02,-1.875000e-02,
1036,-6.250000e-02,-6.250000e-03,
1037,3.125000e-02,-2.500000e-02,
1038,-6.250000e-02,-2.500000e-02,
1039,3.125000e-02,-6.250000e-03,
1040,-6.250000e-02,-3.125000e-02,
1041,3.125000e-02,0.000000e+00,
1042,-6.250000e-02,0.000000e+00,
1043,0.000000e+00,-1.875000e-02,
1044,0.000000e+00,-1.875000e-02,
1045,-6.250000e-02,6.250000e-03,
1046,-6.250000e-02,6.250000e-03,
1047,3.125000e-02,-1.250000e-02,
1048,-6.250000e-02,6.250000e-03,
1049,3.125000e-02,-3.125000e-02,
1050,-6.250000e-02,-6.250000e-03,
1051,3.125000e-02,-2.500000e-02,
1052,-6.250000e-02,-6.250000e-03,
1053,3.125000e-02,-1.875000e-02,
1054,0.000000e+00,-1.250000e-02,
1055,-6.250000e-02,6.250000e-03,
1056,-6.250000e-02,6.250000e-03,
1057,3.125000e-02,-1.875000e-02,
1058,-6.250000e-02,0.000000e+00,
1059,3.125000e-02,-1.875000e-02,
1060,-6.250000e-02,-6.250000e-03,
1061,3.125000e-02,-2.500000e-02,
1062,-6.250000e-02,-1.875000e-02,
1063,3.125000e-02,0.000000e+00,
1064,-6.250000e-02,-6.250000e-03,
1065,3.125000e-02,-2.500000e-02,
1066,-6.250000e-02,-1.875000e-02,
1067,3.125000e-02,0.000000e+00,
1068,-6.250000e-02,-1.250000e-02,
1069,3.125000e-02,6.250000e-03,
1070,-6.250000e-02,-6.250000e-03,
1071,3.125000e-02,-2.500000e-02,
1072,3.125000e-02,-1.250000e-02,
1073,-6.250000e-02,6.250000e-03,
1074,-6.250000e-02,0.000000e+00,
1075,3.125000e-02,-3.125000e-02,
1076,-6.250000e-02,-3.125000e-02,
1077,3.125000e-02,2.500000e-02,
1078,-6.250000e-02,2.500000e-02,
1079,3.125000e-02,-2.500000e-02,
1080,-6.250000e-02,-3.750000e-02,
1081,3.125000e-02,-6.250000e-03,
1082,-6.250000e-02,-2.500000e-02,
1083,3.125000e-02,0.000000e+00,
1084,-6.250000e-02,6.250000e-03,
1085,3.125000e-02,-1.875000e-02,
1086,-6.250000e-02,-1.875000e-02,
1087,3.125000e-02,6.250000e-03,
1088,0.000000e+00,0.000000e+00,
1089,-6.250000e-02,-1.875000e-02,
1090,-6.250000e-02,-6.250000e-03,
1091,3.125000e-02,-2.500000e-02,
1092,-6.250000e-02,-1.875000e-02,
1093,3.125000e-02,6.250000e-03,
1094,3.125000e-02,6.250000e-03,
1095,-6.250000e-02,-2.500000e-02,
1096,-6.250000e-02,-2.500000e-02,
1097,3.125000e-02,-6.250000e-03,
1098,-6.250000e-02,-1.875000e-02,
1099,3.125000e-02,6.250000e-03,
1100,-6.250000e-02,6.250000e-03,
1101,3.125000e-02,-1.250000e-02,
1102,-6.250000e-02,0.000000e+00,
1103,3.125000e-02,-1.875000e-02,
1104,-6.250000e-02,-1.875000e-02,
1105,3.125000e-02,0.000000e+00,
1106,-6.250000e-02,0.000000e+00,
1107,3.125000e-02,-2.500000e-02,
1108,-6.250000e-02,-1.250000e-02,
1109,3.125000e-02,1.250000e-02,
1110,-6.250000e-02,6.250000e-03,
1111,3.125000e-02,-1.875000e-02,
1112,-6.250000e-02,-1.875000e-02,
1113,3.125000e-02,0.000000e+00,
1114,-6.250000e-02,-1.250000e-02,
1115,3.125000e-02,1.250000e-02,
1116,-6.250000e-02,0.000000e+00,
1117,3.125000e-02,-1.875000e-02,
1118,-6.250000e-02,-1.250000e-02,
1119,3.125000e-02,6.250000e-03,
1120,-6.250000e-02,-1.250000e-02,
1121,3.125000e-02,6.250000e-03,
1122,-6.250000e-02,0.000000e+00,
1123,3.125000e-02,-1.875000e-02,
1124,-6.250000e-02,0.000000e+00,
1125,3.125000e-02,-1.875000e-02,
1126,-6.250000e-02,-6.250000e-03,
1127,0.000000e+00,-1.875000e-02,
1128,-6.250000e-02,-1.875000e-02,
1129,3.125000e-02,6.250000e-03,
1130,-6.250000e-02,6.250000e-03,
1131,3.125000e-02,-1.250000e-02,
1132,-6.250000e-02,1.250000e-02,
1133,3.125000e-02,-1.250000e-02,
1134,-6.250000e-02,0.000000e+00,
1135,3.125000e-02,-1.875000e-02,
1136,0.000000e+00,-1.875000e-02,
1137,-6.250000e-02,0.000000e+00,
1138,-6.250000e-02,-1.875000e-02,
1139,3.125000e-02,6.250000e-03,
1140,0.000000e+00,6.250000e-03,
1141,-6.250000e-02,-1.250000e-02,
1142,0.000000e+00,6.250000e-03,
1143,-6.250000e-02,-1.875000e-02,
1144,-6.250000e-02,-1.875000e-02,
1145,3.125000e-02,6.250000e-03,
1146,-6.250000e-02,6.250000e-03,
1147,3.125000e-02,-1.250000e-02,
1148,-6.250000e-02,6.250000e-03,
1149,3.125000e-02,-2.500000e-02,
1150,-6.250000e-02,-1.250000e-02,
1151,3.125000e-02,6.250000e-03,
1152,-6.250000e-02,-6.250000e-03,
1153,3.125000e-02,1.250000e-02,
1154,-6.250000e-02,-1.250000e-02,
1155,3.125000e-02,1.250000e-02,
1156,-6.250000e-02,6.250000e-03,
1157,3.125000e-02,-1.250000e-02,
1158,-6.250000e-02,0.000000e+00,
1159,3.125000e-02,-3.125000e-02,
1160,-6.250000e-02,-2.500000e-02,
1161,3.125000e-02,1.250000e-02,
1162,0.000000e+00,1.875000e-02,
1163,-6.250000e-02,-6.250000e-03,
1164,-6.250000e-02,6.250000e-03,
1165,3.125000e-02,-1.250000e-02,
1166,-6.250000e-02,-1.250000e-02,
1167,3.125000e-02,6.250000e-03,
1168,-6.250000e-02,0.000000e+00,
1169,3.125000e-02,-1.875000e-02,
1170,-6.250000e-02,-1.250000e-02,
1171,3.125000e-02,6.250000e-03,
1172,-6.250000e-02,6.250000e-03,
1173,3.125000e-02,-1.250000e-02,
1174,-6.250000e-02,-1.250000e-02,
1175,3.125000e-02,1.250000e-02,
1176,-6.250000e-02,6.250000e-03,
1177,3.125000e-02,-1.250000e-02,
1178,0.000000e+00,0.000000e+00,
1179,-6.250000e-02,-1.875000e-02,
1180,-6.250000e-02,-1.250000e-02,
1181,3.125000e-02,1.875000e-02,
1182,-6.250000e-02,6.250000e-03,
1183,3.125000e-02,-1.250000e-02,
1184,-6.250000e-02,6.250000e-03,
1185,3.125000e-02,-1.250000e-02,
1186,-6.250000e-02,1.250000e-02,
1187,3.125000e-02,-1.250000e-02,
1188,-6.250000e-02,0.000000e+00,
1189,3.125000e-02,-2.500000e-02,
1190,-6.250000e-02,-2.500000e-02,
1191,3.125000e-02,0.000000e+00,
1192,-6.250000e-02,-1.250000e-02,
1193,3.125000e-02,1.250000e-02,
1194,-6.250000e-02,1.250000e-02,
1195,3.125000e-02,-6.250000e-03,
1196,-6.250000e-02,6.250000e-03,
1197,3.125000e-02,-1.875000e-02,
1198,-6.250000e-02,-1.875000e-02,
1199,3.125000e-02,0.000000e+00,
1200,-6.250000e-02,-1.250000e-02,
1201,3.125000e-02,6.250000e-03,
1202,-6.250000e-02,6.250000e-03,
1203,3.125000e-02,-1.875000e-02,
1204,-6.250000e-02,-1.250000e-02,
1205,3.125000e-02,6.250000e-03,
1206,-6.250000e-02,6.250000e-03,
1207,3.125000e-02,-1.250000e-02,
1208,-6.250000e-02,6.250000e-03,
1209,3.125000e-02,-1.250000e-02,
1210,-6.250000e-02,-1.875000e-02,
1211,3.125000e-02,6.250000e-03,
1212,-6.250000e-02,-6.250000e-03,
1213,3.125000e-02,1.250000e-02,
1214,-6.250000e-02,-6.250000e-03,
1215,3.125000e-02,1.875000e-02,
1216,3.125000e-02,6.250000e-03,
1217,-6.250000e-02,-1.250000e-02,
1218,-6.250000e-02,-1.250000e-02,
1219,3.125000e-02,6.250000e-03,
1220,-6.250000e-02,-1.250000e-02,
1221,3.125000e-02,6.250000e-03,
1222,-6.250000e-02,-1.250000e-02,
1223,3.125000e-02,1.250000e-02,
1224,-6.250000e-02,1.875000e-02,
1225,3.125000e-02,-1.250000e-02,
1226,-6.250000e-02,6.250000e-03,
1227,3.125000e-02,-1.250000e-02,
1228,-6.250000e-02,6.250000e-03,
1229,3.125000e-02,-1.250000e-02,
1230,-6.250000e-02,-6.250000e-03,
1231,3.125000e-02,6.250000e-03,
1232,-6.250000e-02,-6.250000e-03,
1233,3.125000e-02,1.250000e-02,
1234,-6.250000e-02,1.250000e-02,
1235,3.125000e-02,-1.250000e-02,
1236,-6.250000e-02,-1.250000e-02,
1237,3.125000e-02,6.250000e-03,
1238,-6.250000e-02,-1.250000e-02,
1239,3.125000e-02,6.250000e-03,
1240,-6.250000e-02,-6.250000e-03,
1241,3.125000e-02,1.250000e-02,
1242,3.125000e-02,1.250000e-02,
1243,-6.250000e-02,-6.250000e-03,
1244,0.000000e+00,6.250000e-03,
1245,-6.250000e-02,-1.250000e-02,
1246,-6.250000e-02,6.250000e-03,
1247,3.125000e-02,-1.250000e-02,
1248,-6.250000e-02,1.250000e-02,
1249,3.125000e-02,-1.875000e-02,
1250,-6.250000e-02,-1.250000e-02,
1251,3.125000e-02,1.250000e-02,
1252,-6.250000e-02,1.875000e-02,
1253,3.125000e-02,-6.250000e-03,
1254,-6.250000e-02,-1.250000e-02,
1255,3.125000e-02,1.250000e-02,
1256,-6.250000e-02,1.250000e-02,
1257,3.125000e-02,-1.250000e-02,
1258,-6.250000e-02,0.000000e+00,
1259,3.125000e-02,-1.875000e-02,
1260,-6.250000e-02,-6.250000e-03,
1261,3.125000e-02,1.250000e-02,
1262,-6.250000e-02,1.875000e-02,
1263,3.125000e-02,-6.250000e-03,
1264,-6.250000e-02,6.250000e-03,
1265,3.125000e-02,-1.250000e-02,
1266,-6.250000e-02,6.250000e-03,
1267,3.125000e-02,-1.250000e-02,
1268,-6.250000e-02,-1.250000e-02,
1269,3.125000e-02,6.250000e-03,
1270,-6.250000e-02,-6.250000e-03,
1271,3.125000e-02,1.250000e-02,
1272,-6.250000e-02,6.250000e-03,
1273,3.125000e-02,2.500000e-02,
1274,-6.250000e-02,1.875000e-02,
1275,3.125000e-02,-1.250000e-02,
1276,-6.250000e-02,0.000000e+00,
1277,3.125000e-02,-1.875000e-02,
1278,0.000000e+00,-1.250000e-02,
1279,-6.250000e-02,6.250000e-03,
1280,-6.250000e-02,-6.250000e-03,
1281,3.125000e-02,1.875000e-02,
1282,-6.250000e-02,0.000000e+00,
1283,3.125000e-02,1.875000e-02,
1284,-6.250000e-02,1.875000e-02,
1285,3.125000e-02,-1.250000e-02,
1286,0.000000e+00,-2.500000e-02,
1287,-6.250000e-02,6.250000e-03,
1288,-6.250000e-02,6.250000e-03,
1289,3.125000e-02,-1.875000e-02,
1290,-6.250000e-02,-1.875000e-02,
1291,3.125000e-02,3.125000e-02,
1292,-6.250000e-02,3.750000e-02,
1293,3.125000e-02,-6.250000e-03,
1294,-6.250000e-02,6.250000e-03,
1295,3.125000e-02,-1.250000e-02,
1296,-6.250000e-02,-1.250000e-02,
1297,3.125000e-02,6.250000e-03,
1298,-6.250000e-02,6.250000e-03,
1299,3.125000e-02,-1.875000e-02,
1300,-6.250000e-02,-1.250000e-02,
1301,3.125000e-02,2.500000e-02,
1302,-6.250000e-02,1.875000e-02,
1303,3.125000e-02,0.000000e+00,
1304,-6.250000e-02,1.250000e-02,
1305,3.125000e-02,-1.250000e-02,
1306,-6.250000e-02,-1.875000e-02,
1307,3.125000e-02,1.250000e-02,
1308,-6.250000e-02,1.250000e-02,
1309,3.125000e-02,-1.875000e-02,
1310,-6.250000e-02,-1.875000e-02,
1311,3.125000e-02,6.250000e-03,
1312,-6.250000e-02,-6.250000e-03,
1313,3.125000e-02,2.500000e-02,
1314,-6.250000e-02,2.500000e-02,
1315,3.125000e-02,-6.250000e-03,
1316,-6.250000e-02,-1.250000e-02,
1317,3.125000e-02,1.250000e-02,
1318,3.125000e-02,1.250000e-02,
1319,-6.250000e-02,-1.875000e-02,
1320,0.000000e+00,-1.875000e-02,
1321,-6.250000e-02,2.500000e-02,
1322,-6.250000e-02,1.250000e-02,
1323,3.125000e-02,3.125000e-02,
1324,-6.250000e-02,1.875000e-02,
1325,3.125000e-02,-6.250000e-03,
1326,-6.250000e-02,6.250000e-03,
1327,3.125000e-02,-1.250000e-02,
1328,-6.250000e-02,-1.250000e-02,
1329,3.125000e-02,6.250000e-03,
1330,-6.250000e-02,-1.250000e-02,
1331,3.125000e-02,1.250000e-02,
1332,-6.250000e-02,1.250000e-02,
1333,3.125000e-02,0.000000e+00,
1334,-6.250000e-02,0.000000e+00,
1335,3.125000e-02,1.875000e-02,
1336,-6.250000e-02,1.250000e-02,
1337,3.125000e-02,-1.250000e-02,
1338,-6.250000e-02,6.250000e-03,
1339,3.125000e-02,-1.250000e-02,
1340,-6.250000e-02,6.250000e-03,
1341,3.125000e-02,-1.250000e-02,
1342,3.125000e-02,-1.250000e-02,
1343,-6.250000e-02,1.875000e-02,
1344,-6.250000e-02,1.875000e-02,
1345,3.125000e-02,0.000000e+00,
1346,-6.250000e-02,1.250000e-02,
1347,3.125000e-02,-6.250000e-03,
1348,-6.250000e-02,-1.250000e-02,
1349,3.125000e-02,1.250000e-02,
1350,-6.250000e-02,1.250000e-02,
1351,3.125000e-02,-2.500000e-02,
1352,-6.250000e-02,-1.875000e-02,
1353,3.125000e-02,3.750000e-02,
1354,-6.250000e-02,3.750000e-02,
1355,3.125000e-02,-1.250000e-02,
1356,-6.250000e-02,-1.250000e-02,
1357,3.125000e-02,1.250000e-02,
1358,-6.250000e-02,1.250000e-02,
1359,3.125000e-02,-1.875000e-02,
1360,-6.250000e-02,-1.875000e-02,
1361,3.125000e-02,1.250000e-02,
1362,-6.250000e-02,0.000000e+00,
1363,3.125000e-02,3.125000e-02,
1364,-6.250000e-02,2.500000e-02,
1365,3.125000e-02,-6.250000e-03,
1366,-6.250000e-02,1.250000e-02,
1367,3.125000e-02,-1.250000e-02,
1368,-6.250000e-02,-1.250000e-02,
1369,3.125000e-02,1.250000e-02,
1370,-6.250000e-02,1.875000e-02,
1371,3.125000e-02,-1.250000e-02,
1372,-6.250000e-02,-1.250000e-02,
1373,3.125000e-02,6.250000e-03,
1374,-6.250000e-02,0.000000e+00,
1375,3.125000e-02,1.875000e-02,
1376,-6.250000e-02,1.250000e-02,
1377,3.125000e-02,-6.250000e-03,
1378,-6.250000e-02,-1.250000e-02,
1379,3.125000e-02,1.875000e-02,
1380,0.000000e+00,3.125000e-02,
1381,-6.250000e-02,-1.250000e-02,
1382,-6.250000e-02,6.250000e-03,
1383,3.125000e-02,-2.500000e-02,
1384,-6.250000e-02,0.000000e+00,
1385,3.125000e-02,3.750000e-02,
1386,-6.250000e-02,2.500000e-02,
1387,3.125000e-02,-1.875000e-02,
1388,-6.250000e-02,-1.250000e-02,
1389,3.125000e-02,1.250000e-02,
1390,-6.250000e-02,1.875000e-02,
1391,3.125000e-02,-6.250000e-03,
1392,-6.250000e-02,-6.250000e-03,
1393,3.125000e-02,1.250000e-02,
1394,-6.250000e-02,0.000000e+00,
1395,3.125000e-02,1.875000e-02,
1396,-6.250000e-02,1.250000e-02,
1397,3.125000e-02,-6.250000e-03,
1398,3.125000e-02,6.250000e-03,
1399,-6.250000e-02,-1.250000e-02,
